model,round_index,round_type,threshold,quant_mode,quant_bits,mode,cpu_threads,original_mb,official_serial_c_compress_ms,official_cpu_grouped_8t_compress_ms,cuda_v2_reference_compress_ms,cuda_layers,cpu_fallback_layers,cuda_original_mb,fallback_original_mb,compress_total_ms,decompress_total_ms,roundtrip_total_ms,cpu_wrapper_compress_ms,cpu_wrapper_decompress_ms,cpu_wrapper_roundtrip_ms,speedup_vs_cpu_wrapper,roundtrip_speedup_vs_cpu_wrapper,speedup_vs_official_cpu_8t,speedup_vs_official_serial_c,speedup_vs_cuda_v2,kernel_ms,kernel_launch_count,decompress_kernel_launch_count,payload_d2h_ms,payload_serialize_ms,payload_deserialize_ms,python_wrapper_ms,state_commit_ms,cpu_fallback_ms,cpu_fallback_decompress_ms,fallback_gpu_to_cpu_ms,cpu_fallback_batches,cpu_fallback_payload_bytes,experimental_payload_d2h_mb,final_payload_bytes,cpu_wrapper_payload_bytes,compression_ratio,cpu_wrapper_compression_ratio,ratio_retention,max_abs_error,relative_l2_error,cosine_similarity,sign_agreement,finite_rate,decode_status,correctness_status,classification,target_status
resnet50,0,round0,262144,8,8,gpu_v3_experimental,8,89.927490,957.909000,197.865000,165.309540,28,238,83.500000,6.427490,149.798769,85.887074,235.685843,742.203127,670.256213,1412.459340,4.954668,5.992975,1.320872,6.394639,1.103544,38.418988,140,56,12.717173,15.022109,23.900507,3.469718,0.002109,72.041309,59.857395,7.999791,1,2245261,20.875000,24166747,24561786,3.901883,3.839127,1.016346,0.000225247,0.011509956,1.000000000,0.984721243,1.000000000,pass,pass,strong_success,v3_target_pass
resnet50,1,hot,262144,8,8,gpu_v3_experimental,8,89.927490,957.909000,197.865000,165.309540,28,238,83.500000,6.427490,136.064171,104.097031,240.161202,1139.966941,839.976347,1979.943288,8.378157,8.244226,1.454204,7.040127,1.214938,4.384304,140,56,8.516731,10.153342,18.911662,8.824595,0.054667,96.079764,83.652356,7.798579,1,2255080,20.875000,24176572,25101758,3.900297,3.756542,1.038268,0.008403894,0.019294994,1.000000000,0.993643343,1.000000000,pass,pass,strong_success,v3_target_pass
resnet50,2,hot,262144,8,8,gpu_v3_experimental,8,89.927490,957.909000,197.865000,165.309540,28,238,83.500000,6.427490,128.552819,85.013255,213.566073,1315.422707,842.469104,2157.891811,10.232547,10.104095,1.539173,7.451482,1.285927,3.933090,140,56,8.259080,11.326947,16.852178,3.518325,0.049967,93.410822,66.575781,7.808677,1,2256114,20.875000,24177606,25054171,3.900130,3.763677,1.036255,0.005301053,0.024543921,1.000000000,0.992251813,1.000000000,pass,pass,strong_success,v3_target_pass
resnet50,0,round0,262144,7,7,gpu_v3_experimental,8,89.927490,957.909000,197.865000,,28,238,83.500000,6.427490,373.262415,757.414402,1130.676817,742.203127,670.256213,1412.459340,1.988422,1.249216,0.530096,2.566315,,4.852144,140,56,270.718864,9.400882,695.430439,4.064834,0.001524,76.275761,60.234161,7.820201,1,2245261,18.265625,21430619,24561786,4.400051,3.839127,1.146107,0.000454070,0.023095617,1.000000000,0.969356537,1.000000000,pass,pass,stop_speed_failed,stop_speed_failed
resnet50,1,hot,262144,7,7,gpu_v3_experimental,8,89.927490,957.909000,197.865000,,28,238,83.500000,6.427490,401.738978,757.838243,1159.577221,1139.966941,839.976347,1979.943288,2.837581,1.707470,0.492521,2.384406,,4.802039,140,56,275.660513,10.467432,682.818086,5.129279,0.061382,97.429313,72.811582,7.925876,1,2255080,18.265625,21440444,25101758,4.398034,3.756542,1.170767,0.008403894,0.038821254,1.000000000,0.986940920,1.000000000,pass,fail,stop_correctness_failed,stop_correctness_failed
resnet50,2,hot,262144,7,7,gpu_v3_experimental,8,89.927490,957.909000,197.865000,,28,238,83.500000,6.427490,427.283870,767.987696,1195.271566,1315.422707,842.469104,2157.891811,3.078569,1.805357,0.463076,2.241856,,4.843967,140,56,275.877078,20.338725,693.307530,5.159395,0.070602,112.226584,72.469262,8.480540,1,2256114,18.265625,21441478,25054171,4.397822,3.763677,1.168491,0.005301053,0.049418166,1.000000000,0.984458625,1.000000000,pass,fail,stop_correctness_failed,stop_correctness_failed
resnet50,0,round0,262144,6,6,gpu_v3_experimental,8,89.927490,957.909000,197.865000,,28,238,83.500000,6.427490,373.045397,709.063550,1082.108947,742.203127,670.256213,1412.459340,1.989579,1.305284,0.530405,2.567808,,4.859251,140,56,264.599495,12.097324,646.954969,4.173363,0.001233,78.799675,60.389406,8.377221,1,2245261,15.656250,18694491,24561786,5.044043,3.839127,1.313852,0.000922786,0.046889536,1.000000000,0.937845647,1.000000000,pass,fail,stop_correctness_failed,stop_correctness_failed
resnet50,1,hot,262144,6,6,gpu_v3_experimental,8,89.927490,957.909000,197.865000,,28,238,83.500000,6.427490,393.791304,702.915354,1096.706658,1139.966941,839.976347,1979.943288,2.894850,1.805354,0.502462,2.432530,,4.790295,140,56,265.069707,11.812536,631.168424,5.031644,0.056159,98.568617,69.602531,8.158669,1,2255080,15.656250,18704316,25101758,5.041393,3.756542,1.342030,0.008403894,0.078878418,0.999804974,0.972046852,1.000000000,pass,fail,stop_correctness_failed,stop_correctness_failed
resnet50,2,hot,262144,6,6,gpu_v3_experimental,8,89.927490,957.909000,197.865000,,28,238,83.500000,6.427490,385.280431,826.496556,1211.776988,1315.422707,842.469104,2157.891811,3.414195,1.780766,0.513561,2.486264,,4.767899,140,56,263.901164,8.549179,651.825451,5.068974,0.059461,94.480243,172.434805,8.201855,1,2256114,15.656250,18705350,25054171,5.041114,3.763677,1.339412,0.005301053,0.100408755,0.997767091,0.968346059,1.000000000,pass,fail,stop_correctness_failed,stop_correctness_failed
resnet50,0,round0,262144,4,4,gpu_v3_experimental,8,89.927490,957.909000,197.865000,203.740473,28,238,83.500000,6.427490,133.615270,97.559463,231.174733,742.203127,670.256213,1412.459340,5.554778,6.109921,1.480856,7.169158,1.524829,3.930650,140,56,32.758558,8.359218,36.848186,3.256847,0.001329,77.615999,59.496294,7.558654,1,2245261,10.437500,13222235,24561786,7.131609,3.839127,1.857612,0.004086624,0.207543895,0.980783641,0.731391013,1.000000000,pass,fail,stop_correctness_failed,stop_correctness_failed
resnet50,1,hot,262144,4,4,gpu_v3_experimental,8,89.927490,957.909000,197.865000,203.740473,28,238,83.500000,6.427490,152.674187,108.581328,261.255515,1139.966941,839.976347,1979.943288,7.466665,7.578570,1.295995,6.274204,1.334479,3.846304,140,56,31.202649,8.780659,37.632095,3.854425,0.052040,96.909049,69.297457,7.780831,1,2255080,10.437500,13232060,25101758,7.126314,3.756542,1.897041,0.009484448,0.349213213,0.946077645,0.836502075,1.000000000,pass,fail,stop_correctness_failed,stop_correctness_failed
resnet50,2,hot,262144,4,4,gpu_v3_experimental,8,89.927490,957.909000,197.865000,203.740473,28,238,83.500000,6.427490,151.216769,107.897335,259.114103,1315.422707,842.469104,2157.891811,8.698921,8.327960,1.308486,6.334674,1.347340,3.884216,140,56,32.312076,7.227032,37.464978,3.955811,0.063200,95.594002,68.711056,7.910763,1,2256114,10.437500,13233094,25054171,7.125757,3.763677,1.893297,0.014661524,0.444672614,0.914757848,0.847145081,1.000000000,pass,fail,stop_correctness_failed,stop_correctness_failed
resnet50,0,round0,262144,adaptive_q6_q8,8,gpu_v3_experimental,8,89.927490,957.909000,197.865000,,28,238,83.500000,6.427490,109.735392,75.895691,185.631083,742.203127,670.256213,1412.459340,6.763571,7.608959,1.803110,8.729262,,3.908576,140,56,8.362230,11.461039,16.077983,2.872059,0.001364,75.212556,58.661959,7.794052,1,2245261,20.875000,24166745,24561786,3.901883,3.839127,1.016346,0.000225247,0.011509956,1.000000000,0.984721243,1.000000000,pass,pass,strong_success,research_record
resnet50,1,hot,262144,adaptive_q6_q8,6,gpu_v3_experimental,8,89.927490,957.909000,197.865000,,28,238,83.500000,6.427490,390.066775,710.219417,1100.286192,1139.966941,839.976347,1979.943288,2.922492,1.799480,0.507259,2.455756,,4.677583,140,56,265.424835,9.036383,638.297984,5.022471,0.051545,97.710810,69.771528,7.862311,1,2255080,15.656250,18704314,25101758,5.041394,3.756542,1.342030,0.008403894,0.064460851,1.000000000,0.977868259,1.000000000,pass,fail,stop_correctness_failed,stop_correctness_failed
resnet50,2,hot,262144,adaptive_q6_q8,6,gpu_v3_experimental,8,89.927490,957.909000,197.865000,,28,238,83.500000,6.427490,391.920925,711.018628,1102.939554,1315.422707,842.469104,2157.891811,3.356347,1.956491,0.504859,2.444138,,4.780195,140,56,263.000472,12.120033,636.139165,5.071213,0.057988,98.547849,72.675139,8.075056,1,2256114,15.656250,18705348,25054171,5.041115,3.763677,1.339412,0.005301053,0.089531258,0.998593032,0.971815169,1.000000000,pass,fail,stop_correctness_failed,stop_correctness_failed
resnet50,0,round0,262144,outlier_q6_q8,8,gpu_v3_experimental,8,89.927490,957.909000,197.865000,,28,238,83.500000,6.427490,123.691145,81.353904,205.045049,742.203127,670.256213,1412.459340,6.000455,6.888532,1.599670,7.744362,,4.025530,140,56,10.297742,16.773851,19.206906,2.951670,0.000541,81.032307,60.968045,8.472964,1,2245261,20.875000,24166744,24561786,3.901883,3.839127,1.016347,0.000225247,0.011509956,1.000000000,0.984721243,1.000000000,pass,pass,strong_success,research_record
resnet50,1,hot,262144,outlier_q6_q8,6,gpu_v3_experimental,8,89.927490,957.909000,197.865000,,28,238,83.500000,6.427490,391.698732,717.795441,1109.494173,1139.966941,839.976347,1979.943288,2.910316,1.784546,0.505146,2.445525,,4.738563,140,56,263.184612,8.687443,642.744974,5.139049,0.045052,100.986973,72.966879,8.601424,1,2255080,15.656250,18704313,25101758,5.041394,3.756542,1.342030,0.008403894,0.064460851,1.000000000,0.977868259,1.000000000,pass,fail,stop_correctness_failed,stop_correctness_failed
resnet50,2,hot,262144,outlier_q6_q8,6,gpu_v3_experimental,8,89.927490,957.909000,197.865000,,28,238,83.500000,6.427490,410.575877,695.164728,1105.740605,1315.422707,842.469104,2157.891811,3.203848,1.951535,0.481921,2.333086,,4.804308,140,56,260.000656,20.423103,625.802157,5.014664,0.060081,111.294877,67.409932,8.705738,1,2256114,15.656250,18705347,25054171,5.041115,3.763677,1.339412,0.005301053,0.089531258,0.998593032,0.971815169,1.000000000,pass,fail,stop_correctness_failed,stop_correctness_failed
resnet50,0,round0,524288,8,8,gpu_v3_experimental,8,89.927490,957.909000,197.865000,281.873816,17,249,72.500000,17.427490,190.327321,146.688210,337.015531,742.203127,670.256213,1412.459340,3.899614,4.191081,1.039604,5.032956,1.480995,2.648482,85,34,6.607159,11.318495,14.202193,2.428227,0.000739,155.187360,131.613164,11.995570,1,5257941,18.125000,24294908,24561786,3.881299,3.839127,1.010985,0.000225247,0.011045524,1.000000000,0.986281991,1.000000000,pass,pass,research_success,v3_target_pass
resnet50,1,hot,524288,8,8,gpu_v3_experimental,8,89.927490,957.909000,197.865000,281.873816,17,249,72.500000,17.427490,265.293616,166.519106,431.812722,1139.966941,839.976347,1979.943288,4.297001,4.585190,0.745834,3.610750,1.062498,2.571085,85,34,6.041032,7.245747,13.904632,2.810862,0.036435,234.346585,151.362068,11.954634,1,5336597,18.125000,24373570,25101758,3.868773,3.756542,1.029876,0.008403894,0.018260572,1.000000000,0.994185805,1.000000000,pass,pass,stop_speed_failed,stop_speed_failed
resnet50,2,hot,524288,8,8,gpu_v3_experimental,8,89.927490,957.909000,197.865000,281.873816,17,249,72.500000,17.427490,268.736945,164.715817,433.452763,1315.422707,842.469104,2157.891811,4.894834,4.978378,0.736278,3.564486,1.048884,2.561898,85,34,6.417654,15.165479,14.278847,2.873997,0.037666,229.583699,149.146112,11.832416,1,5329632,18.125000,24366605,25054171,3.869879,3.763677,1.028218,0.005301053,0.023112655,1.000000000,0.992983282,1.000000000,pass,pass,stop_speed_failed,stop_speed_failed
resnet50,0,round0,524288,7,7,gpu_v3_experimental,8,89.927490,957.909000,197.865000,,17,249,72.500000,17.427490,422.646071,720.973882,1143.619953,742.203127,670.256213,1412.459340,1.756087,1.235078,0.468158,2.266457,,3.656491,85,34,234.961124,12.138429,588.313558,3.556003,0.002111,156.323703,131.416638,11.866628,1,5257941,15.859375,21919228,24561786,4.301968,3.839127,1.120559,0.000454070,0.021923561,1.000000000,0.972738743,1.000000000,pass,pass,stop_speed_failed,stop_speed_failed
resnet50,1,hot,524288,7,7,gpu_v3_experimental,8,89.927490,957.909000,197.865000,,17,249,72.500000,17.427490,502.040275,738.956426,1240.996702,1139.966941,839.976347,1979.943288,2.270668,1.595446,0.394122,1.908032,,3.357162,85,34,235.358129,10.349886,585.400677,4.221210,0.045499,236.219273,151.850634,12.083570,1,5336597,15.859375,21997890,25101758,4.286584,3.756542,1.141098,0.008403894,0.036585715,1.000000000,0.988299906,1.000000000,pass,fail,stop_correctness_failed,stop_correctness_failed
resnet50,2,hot,524288,7,7,gpu_v3_experimental,8,89.927490,957.909000,197.865000,,17,249,72.500000,17.427490,479.066849,742.042089,1221.108938,1315.422707,842.469104,2157.891811,2.745802,1.767157,0.413022,1.999531,,3.333375,85,34,230.090572,8.627241,592.838986,4.121160,0.040784,220.693933,147.539070,11.898112,1,5329632,15.859375,21990925,25054171,4.287942,3.763677,1.139296,0.005301053,0.046401780,1.000000000,0.986166060,1.000000000,pass,fail,stop_correctness_failed,stop_correctness_failed
resnet50,0,round0,524288,6,6,gpu_v3_experimental,8,89.927490,957.909000,197.865000,,17,249,72.500000,17.427490,414.163199,674.852105,1089.015304,742.203127,670.256213,1412.459340,1.792055,1.297006,0.477746,2.312878,,3.534162,85,34,227.140452,10.170604,541.073210,3.493371,0.001327,157.576897,132.536842,12.102290,1,5257941,13.593750,19543548,24561786,4.824907,3.839127,1.256772,0.000922786,0.044384904,1.000000000,0.944946706,1.000000000,pass,fail,stop_correctness_failed,stop_correctness_failed
resnet50,1,hot,524288,6,6,gpu_v3_experimental,8,89.927490,957.909000,197.865000,,17,249,72.500000,17.427490,489.328357,711.786020,1201.114377,1139.966941,839.976347,1979.943288,2.329656,1.648422,0.404360,1.957600,,3.281821,85,34,225.391811,10.370391,552.802253,4.122723,0.046320,233.870866,157.311903,11.894574,1,5336597,13.593750,19622210,25101758,4.805565,3.756542,1.279252,0.008403894,0.074256159,1.000000000,0.975212216,1.000000000,pass,fail,stop_correctness_failed,stop_correctness_failed
resnet50,2,hot,524288,6,6,gpu_v3_experimental,8,89.927490,957.909000,197.865000,,17,249,72.500000,17.427490,534.863051,698.297100,1233.160151,1315.422707,842.469104,2157.891811,2.459364,1.749888,0.369936,1.790943,,3.770328,85,34,255.232288,6.752141,547.567779,4.952701,0.041997,250.545071,149.024728,13.290090,1,5329632,13.593750,19615245,25054171,4.807271,3.763677,1.277281,0.005301053,0.094225928,0.998357475,0.972049654,1.000000000,pass,fail,stop_correctness_failed,stop_correctness_failed
resnet50,0,round0,524288,4,4,gpu_v3_experimental,8,89.927490,957.909000,197.865000,312.801780,17,249,72.500000,17.427490,212.872097,162.559885,375.431982,742.203127,670.256213,1412.459340,3.486615,3.762224,0.929502,4.499927,1.469435,2.593250,85,34,28.015958,11.034789,29.832213,2.623356,0.001168,156.352418,131.802331,12.102760,1,5257941,9.062500,14792188,24561786,6.374703,3.839127,1.660457,0.004086624,0.196278587,0.982942104,0.763064146,1.000000000,pass,fail,stop_correctness_failed,stop_correctness_failed
resnet50,1,hot,524288,4,4,gpu_v3_experimental,8,89.927490,957.909000,197.865000,312.801780,17,249,72.500000,17.427490,284.750771,185.157843,469.908614,1139.966941,839.976347,1979.943288,4.003385,4.213465,0.694871,3.364026,1.098511,2.580005,85,34,26.198535,8.596707,31.595498,2.977643,0.033281,232.483549,152.251788,11.602685,1,5336597,9.062500,14870850,25101758,6.340983,3.756542,1.687984,0.009484448,0.328761995,0.951993108,0.855782151,1.000000000,pass,fail,stop_correctness_failed,stop_correctness_failed
resnet50,2,hot,524288,4,4,gpu_v3_experimental,8,89.927490,957.909000,197.865000,312.801780,17,249,72.500000,17.427490,280.358808,192.883351,473.242159,1315.422707,842.469104,2157.891811,4.691926,4.559805,0.705756,3.416725,1.115719,2.516557,85,34,26.584736,10.777564,32.025127,3.028954,0.038017,225.640675,159.454484,11.509668,1,5329632,9.062500,14863885,25054171,6.343954,3.763677,1.685574,0.014661524,0.417228162,0.923933268,0.865513682,1.000000000,pass,fail,stop_correctness_failed,stop_correctness_failed
resnet50,0,round0,524288,adaptive_q6_q8,8,gpu_v3_experimental,8,89.927490,957.909000,197.865000,,17,249,72.500000,17.427490,202.173027,151.532354,353.705381,742.203127,670.256213,1412.459340,3.671128,3.993322,0.978691,4.738065,,2.736270,85,34,6.698123,12.370095,14.011994,2.552972,0.001198,165.416700,136.574634,12.231476,1,5257941,18.125000,24294906,24561786,3.881300,3.839127,1.010985,0.000225247,0.011045524,1.000000000,0.986281991,1.000000000,pass,pass,stop_speed_failed,stop_speed_failed
resnet50,1,hot,524288,adaptive_q6_q8,6,gpu_v3_experimental,8,89.927490,957.909000,197.865000,,17,249,72.500000,17.427490,511.931289,746.096187,1258.027476,1139.966941,839.976347,1979.943288,2.226797,1.573847,0.386507,1.871167,,3.612258,85,34,237.872444,8.734585,583.174023,4.596443,0.034307,244.834431,161.164455,11.940458,1,5336597,13.593750,19622208,25101758,4.805566,3.756542,1.279252,0.008403894,0.060555745,1.000000000,0.980372727,1.000000000,pass,fail,stop_correctness_failed,stop_correctness_failed
resnet50,2,hot,524288,adaptive_q6_q8,6,gpu_v3_experimental,8,89.927490,957.909000,197.865000,,17,249,72.500000,17.427490,487.294306,709.215149,1196.509455,1315.422707,842.469104,2157.891811,2.699442,1.803489,0.406048,1.965771,,3.748083,85,34,230.573384,10.060085,555.064538,4.627053,0.039288,225.807396,152.468321,12.170312,1,5329632,13.593750,19615243,25054171,4.807272,3.763677,1.277281,0.005301053,0.083862141,0.999079168,0.975146294,1.000000000,pass,fail,stop_correctness_failed,stop_correctness_failed
resnet50,0,round0,524288,outlier_q6_q8,8,gpu_v3_experimental,8,89.927490,957.909000,197.865000,,17,249,72.500000,17.427490,204.263331,150.646247,354.909578,742.203127,670.256213,1412.459340,3.633560,3.979772,0.968676,4.689579,,2.733018,85,34,6.455260,13.048721,14.477279,2.549203,0.001121,167.162757,135.221889,12.155841,1,5257941,18.125000,24294905,24561786,3.881300,3.839127,1.010985,0.000225247,0.011045524,1.000000000,0.986281991,1.000000000,pass,pass,stop_speed_failed,stop_speed_failed
resnet50,1,hot,524288,outlier_q6_q8,6,gpu_v3_experimental,8,89.927490,957.909000,197.865000,,17,249,72.500000,17.427490,559.630111,769.693047,1329.323158,1139.966941,839.976347,1979.943288,2.037001,1.489437,0.353564,1.711682,,3.668417,85,34,237.961778,18.635550,599.951147,5.236833,0.080639,281.158233,167.930027,12.405375,1,5336597,13.593750,19622207,25101758,4.805566,3.756542,1.279253,0.008403894,0.060555745,1.000000000,0.980372727,1.000000000,pass,fail,stop_correctness_failed,stop_correctness_failed
resnet50,2,hot,524288,outlier_q6_q8,6,gpu_v3_experimental,8,89.927490,957.909000,197.865000,,17,249,72.500000,17.427490,542.691379,747.497020,1290.188399,1315.422707,842.469104,2157.891811,2.423887,1.672540,0.364599,1.765108,,3.726784,85,34,233.158944,16.841982,586.173631,4.785395,0.061352,271.636437,159.493740,12.098123,1,5329632,13.593750,19615242,25054171,4.807272,3.763677,1.277281,0.005301053,0.083862141,0.999079168,0.975146294,1.000000000,pass,fail,stop_correctness_failed,stop_correctness_failed
resnet50,0,round0,1048576,8,8,gpu_v3_experimental,8,89.927490,957.909000,197.865000,425.914788,9,257,55.000000,34.927490,342.250501,289.988483,632.238984,742.203127,670.256213,1412.459340,2.168596,2.234059,0.578129,2.798853,1.244453,1.686030,45,18,4.891346,13.717760,12.103826,2.245216,0.001535,301.469993,277.126778,18.091236,1,10007848,13.750000,24456615,24561786,3.855636,3.839127,1.004300,0.000225247,0.010193827,1.000000000,0.988893986,1.000000000,pass,pass,stop_speed_failed,stop_speed_failed
resnet50,1,hot,1048576,8,8,gpu_v3_experimental,8,89.927490,957.909000,197.865000,425.914788,9,257,55.000000,34.927490,470.740606,351.255375,821.995981,1139.966941,839.976347,1979.943288,2.421646,2.408702,0.420327,2.034898,0.904776,1.546097,45,18,4.614403,12.576235,12.213035,2.442689,0.025321,431.876177,337.867392,17.346680,1,10151622,13.750000,24600395,25101758,3.833101,3.756542,1.020380,0.008403894,0.016308028,1.000000000,0.995081186,1.000000000,pass,pass,stop_speed_failed,stop_speed_failed
resnet50,2,hot,1048576,8,8,gpu_v3_experimental,8,89.927490,957.909000,197.865000,425.914788,9,257,55.000000,34.927490,438.230010,345.531729,783.761739,1315.422707,842.469104,2157.891811,3.001672,2.753250,0.451509,2.185859,0.971898,1.613342,45,18,4.724362,7.768243,12.089717,2.532751,0.026589,404.434000,332.273543,16.842189,1,10135092,13.750000,24583865,25054171,3.835679,3.763677,1.019131,0.005301053,0.020446373,1.000000000,0.994183064,1.000000000,pass,pass,stop_speed_failed,stop_speed_failed
resnet50,0,round0,1048576,7,7,gpu_v3_experimental,8,89.927490,957.909000,197.865000,,9,257,55.000000,34.927490,526.436541,747.853975,1274.290516,742.203127,670.256213,1412.459340,1.409862,1.108428,0.375857,1.819610,,2.588592,45,18,189.403581,11.130174,472.104425,3.387807,0.001458,302.009667,274.765296,17.755809,1,10007848,12.031250,22654375,24561786,4.162366,3.839127,1.084196,0.000454070,0.019740503,1.000000000,0.978356421,1.000000000,pass,pass,stop_speed_failed,stop_speed_failed
resnet50,1,hot,1048576,7,7,gpu_v3_experimental,8,89.927490,957.909000,197.865000,,9,257,55.000000,34.927490,648.595626,831.447097,1480.042723,1139.966941,839.976347,1979.943288,1.757593,1.337761,0.305067,1.476897,,2.435580,45,18,189.909107,9.347938,486.263853,3.828811,0.026003,425.080799,343.816631,17.659212,1,10151622,12.031250,22798155,25101758,4.136116,3.756542,1.101043,0.008403894,0.032353960,1.000000000,0.990564406,1.000000000,pass,fail,stop_correctness_failed,stop_correctness_failed
resnet50,2,hot,1048576,7,7,gpu_v3_experimental,8,89.927490,957.909000,197.865000,,9,257,55.000000,34.927490,644.848529,835.245724,1480.094253,1315.422707,842.469104,2157.891811,2.039894,1.457942,0.306839,1.485479,,2.519942,45,18,190.526544,8.615111,499.587089,4.004146,0.025289,421.547184,334.271898,17.322374,1,10135092,12.031250,22781625,25054171,4.139117,3.763677,1.099753,0.005301053,0.040784609,1.000000000,0.988990545,1.000000000,pass,fail,stop_correctness_failed,stop_correctness_failed
resnet50,0,round0,1048576,6,6,gpu_v3_experimental,8,89.927490,957.909000,197.865000,,9,257,55.000000,34.927490,523.688507,724.725256,1248.413763,742.203127,670.256213,1412.459340,1.417261,1.131403,0.377830,1.829158,,2.655418,45,18,178.744022,10.509775,443.113454,3.420426,0.000804,310.554263,280.627097,17.639041,1,10007848,10.312500,20852135,24561786,4.522118,3.839127,1.177903,0.000922786,0.039710552,1.000000000,0.956715286,1.000000000,pass,fail,stop_correctness_failed,stop_correctness_failed
resnet50,1,hot,1048576,6,6,gpu_v3_experimental,8,89.927490,957.909000,197.865000,,9,257,55.000000,34.927490,657.188723,802.241144,1459.429867,1139.966941,839.976347,1979.943288,1.734611,1.356655,0.301078,1.457586,,2.423996,45,18,185.966586,10.270093,452.708650,3.887068,0.025210,436.888030,348.194215,17.417304,1,10151622,10.312500,20995915,25101758,4.491150,3.756542,1.195554,0.008403894,0.065503426,1.000000000,0.980481267,1.000000000,pass,fail,stop_correctness_failed,stop_correctness_failed
resnet50,2,hot,1048576,6,6,gpu_v3_experimental,8,89.927490,957.909000,197.865000,,9,257,55.000000,34.927490,643.566485,797.028661,1440.595146,1315.422707,842.469104,2157.891811,2.043958,1.497917,0.307451,1.488438,,2.493829,45,18,188.350596,7.350648,459.482497,3.964247,0.026598,423.928543,336.239002,17.170860,1,10135092,10.312500,20979385,25054171,4.494689,3.763677,1.194228,0.005301053,0.082686447,0.999364853,0.978188813,1.000000000,pass,fail,stop_correctness_failed,stop_correctness_failed
resnet50,0,round0,1048576,4,4,gpu_v3_experimental,8,89.927490,957.909000,197.865000,493.484991,9,257,55.000000,34.927490,365.551299,305.849491,671.400790,742.203127,670.256213,1412.459340,2.030367,2.103750,0.541278,2.620450,1.349975,1.748259,45,18,21.373666,8.951520,27.787923,2.344547,0.001839,313.274647,277.217492,17.693461,1,10007848,6.875000,17247655,24561786,5.467167,3.839127,1.424065,0.004086624,0.175206855,0.986076891,0.815449357,1.000000000,pass,fail,stop_correctness_failed,stop_correctness_failed
resnet50,1,hot,1048576,4,4,gpu_v3_experimental,8,89.927490,957.909000,197.865000,493.484991,9,257,55.000000,34.927490,483.281220,365.474137,848.755357,1139.966941,839.976347,1979.943288,2.358807,2.332761,0.409420,1.982094,1.021114,1.677741,45,18,21.004098,7.254784,27.580365,2.616453,0.026319,432.754821,336.701998,17.640473,1,10151622,6.875000,17391435,25101758,5.421968,3.756542,1.443340,0.009379990,0.289713025,0.962258697,0.888191521,1.000000000,pass,fail,stop_correctness_failed,stop_correctness_failed
resnet50,2,hot,1048576,4,4,gpu_v3_experimental,8,89.927490,957.909000,197.865000,493.484991,9,257,55.000000,34.927490,469.960283,336.983182,806.943465,1315.422707,842.469104,2157.891811,2.799008,2.674155,0.421025,2.038276,1.050057,1.535488,45,18,20.681309,6.901770,28.128262,2.526517,0.027401,421.323039,307.747415,16.674718,1,10135092,6.875000,17374905,25054171,5.427127,3.763677,1.441975,0.014234360,0.365834236,0.940075397,0.896303177,1.000000000,pass,fail,stop_correctness_failed,stop_correctness_failed
resnet50,0,round0,1048576,adaptive_q6_q8,8,gpu_v3_experimental,8,89.927490,957.909000,197.865000,,9,257,55.000000,34.927490,319.959352,271.353572,591.312923,742.203127,670.256213,1412.459340,2.319679,2.388683,0.618407,2.993846,,1.553343,45,18,4.896426,12.028429,11.870463,2.058582,0.000941,282.045732,258.812245,17.235084,1,10007848,13.750000,24456613,24561786,3.855636,3.839127,1.004300,0.000225247,0.010193827,1.000000000,0.988893986,1.000000000,pass,pass,stop_speed_failed,stop_speed_failed
resnet50,1,hot,1048576,adaptive_q6_q8,6,gpu_v3_experimental,8,89.927490,957.909000,197.865000,,9,257,55.000000,34.927490,610.342382,751.155568,1361.497950,1139.966941,839.976347,1979.943288,1.867750,1.454239,0.324187,1.569462,,2.122950,45,18,173.585208,8.088841,436.691186,3.244752,0.022680,405.869697,313.234052,17.117005,1,10151622,10.312500,20995913,25101758,4.491151,3.756542,1.195554,0.008403894,0.053090673,1.000000000,0.984564245,1.000000000,pass,fail,stop_correctness_failed,stop_correctness_failed
resnet50,2,hot,1048576,adaptive_q6_q8,6,gpu_v3_experimental,8,89.927490,957.909000,197.865000,,9,257,55.000000,34.927490,652.468691,741.391543,1393.860234,1315.422707,842.469104,2157.891811,2.016070,1.548141,0.303256,1.468130,,2.256299,45,18,176.894437,11.967061,426.681461,3.527726,0.030723,440.799074,313.417490,16.708134,1,10135092,10.312500,20979383,25054171,4.494689,3.763677,1.194228,0.005301053,0.073239692,0.999906540,0.980633020,1.000000000,pass,fail,stop_correctness_failed,stop_correctness_failed
resnet50,0,round0,1048576,outlier_q6_q8,8,gpu_v3_experimental,8,89.927490,957.909000,197.865000,,9,257,55.000000,34.927490,348.027296,270.447800,618.475096,742.203127,670.256213,1412.459340,2.132600,2.283777,0.568533,2.752396,,1.549331,45,18,5.607280,32.872760,14.625695,2.046927,0.001552,286.122977,255.165522,19.679721,1,10007848,13.750000,24456612,24561786,3.855637,3.839127,1.004300,0.000225247,0.010193827,1.000000000,0.988893986,1.000000000,pass,pass,stop_speed_failed,stop_speed_failed
resnet50,1,hot,1048576,outlier_q6_q8,6,gpu_v3_experimental,8,89.927490,957.909000,197.865000,,9,257,55.000000,34.927490,607.227172,769.771707,1376.998879,1139.966941,839.976347,1979.943288,1.877332,1.437868,0.325850,1.577513,,2.192066,45,18,171.816811,12.494735,456.402462,3.415171,0.038607,399.037722,312.084812,17.721960,1,10151622,10.312500,20995912,25101758,4.491151,3.756542,1.195555,0.008403894,0.053090673,1.000000000,0.984564245,1.000000000,pass,fail,stop_correctness_failed,stop_correctness_failed
resnet50,2,hot,1048576,outlier_q6_q8,6,gpu_v3_experimental,8,89.927490,957.909000,197.865000,,9,257,55.000000,34.927490,602.750965,750.043210,1352.794175,1315.422707,842.469104,2157.891811,2.182365,1.595137,0.328270,1.589228,,2.220570,45,18,171.959626,7.088737,446.477551,3.396260,0.023544,400.641679,302.314368,17.146654,1,10135092,10.312500,20979382,25054171,4.494690,3.763677,1.194228,0.005301053,0.073239692,0.999906540,0.980633020,1.000000000,pass,fail,stop_correctness_failed,stop_correctness_failed
resnet18,0,round0,262144,8,8,gpu_v3_experimental,8,42.661865,340.294000,122.189000,76.252984,8,93,39.375000,3.286865,49.641056,35.356329,84.997385,313.485022,303.836022,617.321043,6.315035,7.262824,2.461450,6.855092,1.536087,1.396492,40,16,3.392342,6.085524,6.838405,1.118944,0.001692,34.182704,28.115947,3.381260,1,1047789,9.843750,11382029,11635857,3.930249,3.844513,1.022301,0.000211338,0.011095471,1.000000000,0.985323191,1.000000000,pass,pass,strong_success,research_record
resnet18,1,hot,262144,8,8,gpu_v3_experimental,8,42.661865,340.294000,122.189000,76.252984,8,93,39.375000,3.286865,57.567807,41.495228,99.063035,403.029788,407.150088,810.179876,7.000958,8.178428,2.122523,5.911186,1.324577,1.444161,40,16,3.241533,5.913344,7.420574,1.353383,0.018925,42.079637,33.487914,3.347135,1,1055574,9.843750,11389820,11723976,3.927561,3.815618,1.029338,0.008458793,0.019640194,1.000000000,0.993461847,1.000000000,pass,pass,strong_success,research_record
resnet18,2,hot,262144,8,8,gpu_v3_experimental,8,42.661865,340.294000,122.189000,76.252984,8,93,39.375000,3.286865,55.582001,40.221239,95.803240,386.909902,380.007937,766.917839,6.961065,8.005135,2.198356,6.122378,1.371901,1.393843,40,16,3.221250,6.054287,7.168744,1.357158,0.021613,40.126044,32.486255,3.251131,1,1059896,9.843750,11394142,11771247,3.926071,3.800295,1.033096,0.006449129,0.025147133,1.000000000,0.992072761,1.000000000,pass,pass,strong_success,research_record
resnet18,0,round0,262144,7,7,gpu_v3_experimental,8,42.661865,340.294000,122.189000,,8,93,39.375000,3.286865,174.550948,346.193913,520.744861,313.485022,303.836022,617.321043,1.795951,1.185458,0.700019,1.949540,,1.722175,40,16,127.710791,4.935938,315.953707,1.600581,0.001596,34.872334,29.644287,3.598090,1,1047789,8.613281,10091789,11635857,4.432733,3.844513,1.153002,0.000426029,0.022235749,1.000000000,0.970452607,1.000000000,pass,pass,stop_speed_failed,stop_speed_failed
resnet18,1,hot,262144,7,7,gpu_v3_experimental,8,42.661865,340.294000,122.189000,,8,93,39.375000,3.286865,181.795678,351.060346,532.856024,403.029788,407.150088,810.179876,2.216938,1.520448,0.672123,1.871849,,1.633763,40,16,126.788917,5.196424,315.940154,1.897792,0.019463,42.446641,34.341970,3.632784,1,1055574,8.613281,10099580,11723976,4.429314,3.815618,1.160838,0.008458793,0.039509118,0.999785304,0.986427009,1.000000000,pass,fail,stop_correctness_failed,stop_correctness_failed
resnet18,2,hot,262144,7,7,gpu_v3_experimental,8,42.661865,340.294000,122.189000,,8,93,39.375000,3.286865,179.926489,350.926300,530.852788,386.909902,380.007937,766.917839,2.150378,1.444690,0.679105,1.891295,,1.652459,40,16,126.916131,4.684655,316.649237,1.941839,0.022029,40.994924,33.511239,3.552536,1,1059896,8.613281,10103902,11771247,4.427419,3.800295,1.165020,0.006449129,0.050643042,0.999530911,0.984072506,1.000000000,pass,fail,stop_correctness_failed,stop_correctness_failed
resnet18,0,round0,262144,6,6,gpu_v3_experimental,8,42.661865,340.294000,122.189000,,8,93,39.375000,3.286865,169.655898,321.470970,491.126868,313.485022,303.836022,617.321043,1.847770,1.256948,0.720217,2.005789,,1.687893,40,16,123.352743,4.503354,291.196514,1.558716,0.000671,34.907063,29.672071,3.540742,1,1047789,7.382812,8801549,11635857,5.082538,3.844513,1.322024,0.000865802,0.045120213,0.999114394,0.940217018,1.000000000,pass,fail,stop_correctness_failed,stop_correctness_failed
resnet18,1,hot,262144,6,6,gpu_v3_experimental,8,42.661865,340.294000,122.189000,,8,93,39.375000,3.286865,177.564094,326.347207,503.911301,403.029788,407.150088,810.179876,2.269771,1.607783,0.688140,1.916457,,1.583222,40,16,123.349553,4.481898,291.295176,1.874081,0.021517,42.467964,34.277444,3.595804,1,1055574,7.382812,8809340,11723976,5.078043,3.815618,1.330857,0.008458793,0.080250196,0.998094678,0.971004725,1.000000000,pass,fail,stop_correctness_failed,stop_correctness_failed
resnet18,2,hot,262144,6,6,gpu_v3_experimental,8,42.661865,340.294000,122.189000,,8,93,39.375000,3.286865,177.039740,327.125908,504.165648,386.909902,380.007937,766.917839,2.185441,1.521162,0.690178,1.922133,,1.633144,40,16,124.248216,4.508504,292.864185,1.826847,0.020651,41.048495,33.509515,3.580098,1,1059896,7.382812,8813662,11771247,5.075553,3.800295,1.335568,0.006449129,0.102862991,0.995590985,0.967710435,1.000000000,pass,fail,stop_correctness_failed,stop_correctness_failed
resnet18,0,round0,262144,4,4,gpu_v3_experimental,8,42.661865,340.294000,122.189000,87.094923,8,93,39.375000,3.286865,57.413230,45.265367,102.678597,313.485022,303.836022,617.321043,5.460153,6.012169,2.128238,5.927101,1.516984,1.410175,40,16,14.536611,2.898468,15.717924,1.178127,0.001453,33.954048,29.121581,3.347894,1,1047789,4.921875,6221069,11635857,7.190759,3.844513,1.870395,0.003834258,0.199746072,0.980695724,0.740792096,1.000000000,pass,fail,stop_correctness_failed,stop_correctness_failed
resnet18,1,hot,262144,4,4,gpu_v3_experimental,8,42.661865,340.294000,122.189000,87.094923,8,93,39.375000,3.286865,65.717730,51.295615,117.013345,403.029788,407.150088,810.179876,6.132741,6.923825,1.859300,5.178116,1.325288,1.438656,40,16,14.216227,3.302149,16.123140,1.448172,0.018062,41.749435,34.552863,3.371007,1,1055574,4.921875,6228860,11723976,7.181765,3.815618,1.882203,0.009607933,0.355368078,0.942536592,0.835491002,1.000000000,pass,fail,stop_correctness_failed,stop_correctness_failed
resnet18,2,hot,262144,4,4,gpu_v3_experimental,8,42.661865,340.294000,122.189000,87.094923,8,93,39.375000,3.286865,65.463282,49.752188,115.215470,386.909902,380.007937,766.917839,5.910335,6.656379,1.866527,5.198242,1.330439,1.429911,40,16,14.759476,3.083287,16.287281,1.428050,0.018779,41.249270,32.878725,3.322258,1,1059896,4.921875,6233182,11771247,7.176785,3.800295,1.888481,0.014850896,0.455520123,0.910166502,0.845945120,1.000000000,pass,fail,stop_correctness_failed,stop_correctness_failed
resnet18,0,round0,262144,adaptive_q6_q8,8,gpu_v3_experimental,8,42.661865,340.294000,122.189000,,8,93,39.375000,3.286865,49.399908,35.325264,84.725171,313.485022,303.836022,617.321043,6.345862,7.286159,2.473466,6.888555,,1.391119,40,16,3.367446,6.023433,6.785815,1.110273,0.000987,34.075646,28.158295,3.348694,1,1047789,9.843750,11382027,11635857,3.930250,3.844513,1.022301,0.000211338,0.011095471,1.000000000,0.985323191,1.000000000,pass,pass,strong_success,research_record
resnet18,1,hot,262144,adaptive_q6_q8,6,gpu_v3_experimental,8,42.661865,340.294000,122.189000,,8,93,39.375000,3.286865,176.366247,325.249512,501.615759,403.029788,407.150088,810.179876,2.285187,1.615140,0.692814,1.929473,,1.606355,40,16,122.479855,4.448334,290.053223,1.869674,0.019722,42.201100,34.410300,3.556273,1,1055574,7.382812,8809338,11723976,5.078044,3.815618,1.330858,0.008458793,0.067301743,0.998575509,0.977035463,1.000000000,pass,fail,stop_correctness_failed,stop_correctness_failed
resnet18,2,hot,262144,adaptive_q6_q8,6,gpu_v3_experimental,8,42.661865,340.294000,122.189000,,8,93,39.375000,3.286865,174.998338,326.386817,501.385155,386.909902,380.007937,766.917839,2.210935,1.529598,0.698229,1.944556,,1.573411,40,16,122.572253,4.371095,291.957366,1.793166,0.020749,40.948417,33.671756,3.554008,1,1059896,7.382812,8813660,11771247,5.075554,3.800295,1.335569,0.006449129,0.093113311,0.996487677,0.970874667,1.000000000,pass,fail,stop_correctness_failed,stop_correctness_failed
resnet18,0,round0,262144,outlier_q6_q8,8,gpu_v3_experimental,8,42.661865,340.294000,122.189000,,8,93,39.375000,3.286865,49.587855,35.403199,84.991055,313.485022,303.836022,617.321043,6.321810,7.263365,2.464091,6.862446,,1.402844,40,16,3.366872,6.156744,6.827741,1.093435,0.000688,34.138729,28.188279,3.344556,1,1047789,9.843750,11382026,11635857,3.930250,3.844513,1.022301,0.000211338,0.011095471,1.000000000,0.985323191,1.000000000,pass,pass,strong_success,research_record
resnet18,1,hot,262144,outlier_q6_q8,6,gpu_v3_experimental,8,42.661865,340.294000,122.189000,,8,93,39.375000,3.286865,176.144503,325.705194,501.849697,403.029788,407.150088,810.179876,2.288063,1.614387,0.693686,1.931902,,1.534219,40,16,122.292223,4.380195,290.622432,1.860016,0.020714,42.313563,34.330639,3.555462,1,1055574,7.382812,8809337,11723976,5.078045,3.815618,1.330858,0.008458793,0.067301743,0.998575509,0.977035463,1.000000000,pass,fail,stop_correctness_failed,stop_correctness_failed
resnet18,2,hot,262144,outlier_q6_q8,6,gpu_v3_experimental,8,42.661865,340.294000,122.189000,,8,93,39.375000,3.286865,175.010816,326.479535,501.490351,386.909902,380.007937,766.917839,2.210777,1.529277,0.698180,1.944417,,1.573848,40,16,122.423729,4.410347,292.176312,1.819128,0.019411,41.050719,33.558825,3.552837,1,1059896,7.382812,8813659,11771247,5.075555,3.800295,1.335569,0.006449129,0.093113311,0.996487677,0.970874667,1.000000000,pass,fail,stop_correctness_failed,stop_correctness_failed
resnet18,0,round0,524288,8,8,gpu_v3_experimental,8,42.661865,340.294000,122.189000,82.571127,7,94,38.250000,4.411865,57.825493,42.414676,100.240169,313.485022,303.836022,617.321043,5.421225,6.158420,2.113065,5.884844,1.427936,1.290387,35,14,3.231497,6.202681,6.476266,1.080936,0.001049,42.136250,35.557290,3.782737,1,1361326,9.562500,11400569,11635857,3.923857,3.844513,1.020638,0.000211338,0.010994529,1.000000000,0.985661328,1.000000000,pass,pass,strong_success,research_record
resnet18,1,hot,524288,8,8,gpu_v3_experimental,8,42.661865,340.294000,122.189000,82.571127,7,94,38.250000,4.411865,68.573684,50.713064,119.286749,403.029788,407.150088,810.179876,5.877324,6.791868,1.781864,4.962458,1.204123,1.295299,35,14,3.101602,6.182827,7.000363,1.297774,0.021731,52.683759,43.133335,3.806223,1,1369487,9.562500,11408736,11723976,3.921049,3.815618,1.027631,0.008458793,0.019434430,1.000000000,0.993572891,1.000000000,pass,pass,strong_success,research_record
resnet18,2,hot,524288,8,8,gpu_v3_experimental,8,42.661865,340.294000,122.189000,82.571127,7,94,38.250000,4.411865,66.130784,49.208369,115.339153,386.909902,380.007937,766.917839,5.850678,6.649241,1.847687,5.145773,1.248603,1.328041,35,14,3.143054,6.120939,7.073442,1.305203,0.018005,50.343670,41.557841,3.705649,1,1376589,9.562500,11415838,11771247,3.918609,3.800295,1.031133,0.006449129,0.024871517,1.000000000,0.992231071,1.000000000,pass,pass,strong_success,research_record
resnet18,0,round0,524288,7,7,gpu_v3_experimental,8,42.661865,340.294000,122.189000,,7,94,38.250000,4.411865,179.188955,342.309028,521.497983,313.485022,303.836022,617.321043,1.749466,1.183746,0.681900,1.899079,,1.607469,35,14,124.153086,5.308948,304.474883,1.573759,0.000733,42.410243,37.267482,4.020571,1,1361326,8.367188,10147193,11635857,4.408530,3.844513,1.146707,0.000426029,0.021985486,1.000000000,0.971189141,1.000000000,pass,pass,stop_speed_failed,stop_speed_failed
resnet18,1,hot,524288,7,7,gpu_v3_experimental,8,42.661865,340.294000,122.189000,,7,94,38.250000,4.411865,188.166928,350.675438,538.842366,403.029788,407.150088,810.179876,2.141874,1.503556,0.649365,1.808469,,1.518866,35,14,122.977093,5.350029,305.010794,1.851933,0.019456,52.229674,44.906973,4.033894,1,1369487,8.367188,10155360,11723976,4.404985,3.815618,1.154462,0.008458793,0.039064061,0.999802947,0.986716568,1.000000000,pass,fail,stop_correctness_failed,stop_correctness_failed
resnet18,2,hot,524288,7,7,gpu_v3_experimental,8,42.661865,340.294000,122.189000,,7,94,38.250000,4.411865,186.059100,348.043654,534.102754,386.909902,380.007937,766.917839,2.079500,1.435899,0.656721,1.828957,,1.473141,35,14,122.899778,5.313325,304.776441,1.798512,0.017147,50.350708,42.537551,4.030510,1,1376589,8.367188,10162462,11771247,4.401907,3.800295,1.158307,0.006449129,0.050064813,0.999560058,0.984439492,1.000000000,pass,fail,stop_correctness_failed,stop_correctness_failed
resnet18,0,round0,524288,6,6,gpu_v3_experimental,8,42.661865,340.294000,122.189000,,7,94,38.250000,4.411865,173.114179,319.861623,492.975801,313.485022,303.836022,617.321043,1.810857,1.252234,0.705829,1.965720,,1.530822,35,14,119.161307,4.595686,281.757198,1.466229,0.000656,42.250790,37.541868,4.001454,1,1361326,7.171875,8893817,11635857,5.029810,3.844513,1.308309,0.000865802,0.044586368,0.999132276,0.941753566,1.000000000,pass,fail,stop_correctness_failed,stop_correctness_failed
resnet18,1,hot,524288,6,6,gpu_v3_experimental,8,42.661865,340.294000,122.189000,,7,94,38.250000,4.411865,184.177365,327.999547,512.176912,403.029788,407.150088,810.179876,2.188270,1.581836,0.663431,1.847643,,1.397633,35,14,119.294873,4.792333,282.416081,1.778163,0.019788,52.713427,44.838269,3.993287,1,1369487,7.171875,8901984,11723976,5.025195,3.815618,1.317007,0.008458793,0.079329133,0.998167932,0.971681356,1.000000000,pass,fail,stop_correctness_failed,stop_correctness_failed
resnet18,2,hot,524288,6,6,gpu_v3_experimental,8,42.661865,340.294000,122.189000,,7,94,38.250000,4.411865,182.799432,327.926113,510.725546,386.909902,380.007937,766.917839,2.116582,1.501624,0.668432,1.861570,,1.418770,35,14,120.342386,4.515595,283.946770,1.739968,0.021541,50.569992,43.269154,4.009428,1,1376589,7.171875,8909086,11771247,5.021189,3.800295,1.321263,0.006449129,0.101672396,0.995710611,0.968494892,1.000000000,pass,fail,stop_correctness_failed,stop_correctness_failed
resnet18,0,round0,524288,4,4,gpu_v3_experimental,8,42.661865,340.294000,122.189000,94.851062,7,94,38.250000,4.411865,65.379696,51.817865,117.197561,313.485022,303.836022,617.321043,4.794838,5.267354,1.868914,5.204888,1.450772,1.331053,35,14,14.064838,3.047334,14.813467,1.125737,0.001092,41.932954,36.601829,3.771458,1,1361326,4.781250,6387065,11635857,7.003875,3.844513,1.821785,0.003834258,0.197351158,0.981110990,0.747588336,1.000000000,pass,fail,stop_correctness_failed,stop_correctness_failed
resnet18,1,hot,524288,4,4,gpu_v3_experimental,8,42.661865,340.294000,122.189000,94.851062,7,94,38.250000,4.411865,75.886169,60.512542,136.398711,403.029788,407.150088,810.179876,5.310978,5.939791,1.610162,4.484269,1.249912,1.291367,35,14,13.818794,3.283830,15.602210,1.341484,0.018784,52.203708,44.312387,3.735601,1,1369487,4.781250,6395232,11723976,6.994931,3.815618,1.833237,0.009607933,0.351305455,0.943733394,0.839610517,1.000000000,pass,fail,stop_correctness_failed,stop_correctness_failed
resnet18,2,hot,524288,4,4,gpu_v3_experimental,8,42.661865,340.294000,122.189000,94.851062,7,94,38.250000,4.411865,74.303214,60.841504,135.144717,386.909902,380.007937,766.917839,5.207176,5.674790,1.644465,4.579802,1.276541,1.266822,35,14,14.045119,3.121405,15.763209,1.317489,0.019959,50.591583,44.470214,3.765681,1,1376589,4.781250,6402334,11771247,6.987172,3.800295,1.838587,0.014850896,0.450267404,0.911988676,0.849987984,1.000000000,pass,fail,stop_correctness_failed,stop_correctness_failed
resnet18,0,round0,524288,adaptive_q6_q8,8,gpu_v3_experimental,8,42.661865,340.294000,122.189000,,7,94,38.250000,4.411865,58.570120,44.689637,103.259757,313.485022,303.836022,617.321043,5.352303,5.978331,2.086200,5.810027,,1.321643,35,14,3.269152,6.450303,6.604547,1.105033,0.001134,42.468213,37.635811,3.839270,1,1361326,9.562500,11400567,11635857,3.923858,3.844513,1.020638,0.000211338,0.010994529,1.000000000,0.985661328,1.000000000,pass,pass,strong_success,research_record
resnet18,1,hot,524288,adaptive_q6_q8,6,gpu_v3_experimental,8,42.661865,340.294000,122.189000,,7,94,38.250000,4.411865,183.130789,330.661639,513.792427,403.029788,407.150088,810.179876,2.200776,1.576862,0.667223,1.858202,,1.411785,35,14,118.485793,4.713719,285.117025,1.744792,0.020540,52.499862,44.813157,4.063413,1,1369487,7.171875,8901982,11723976,5.025196,3.815618,1.317007,0.008458793,0.066547416,0.998625278,0.977564275,1.000000000,pass,fail,stop_correctness_failed,stop_correctness_failed
resnet18,2,hot,524288,adaptive_q6_q8,6,gpu_v3_experimental,8,42.661865,340.294000,122.189000,,7,94,38.250000,4.411865,181.950261,327.400580,509.350841,386.909902,380.007937,766.917839,2.126460,1.505677,0.671552,1.870258,,1.436485,35,14,118.970149,4.819658,283.712916,1.739265,0.018898,50.774667,42.975907,4.012896,1,1376589,7.171875,8909084,11771247,5.021191,3.800295,1.321263,0.006449129,0.092047729,0.996585250,0.971579611,1.000000000,pass,fail,stop_correctness_failed,stop_correctness_failed
resnet18,0,round0,524288,outlier_q6_q8,8,gpu_v3_experimental,8,42.661865,340.294000,122.189000,,7,94,38.250000,4.411865,57.811317,42.211643,100.022960,313.485022,303.836022,617.321043,5.422555,6.171793,2.113583,5.886287,,1.318390,35,14,3.231127,6.377941,6.435470,1.078519,0.000982,41.901593,35.396069,3.803206,1,1361326,9.562500,11400566,11635857,3.923859,3.844513,1.020639,0.000211338,0.010994529,1.000000000,0.985661328,1.000000000,pass,pass,strong_success,research_record
resnet18,1,hot,524288,outlier_q6_q8,6,gpu_v3_experimental,8,42.661865,340.294000,122.189000,,7,94,38.250000,4.411865,183.078985,329.666808,512.745793,403.029788,407.150088,810.179876,2.201398,1.580081,0.667411,1.858728,,1.449131,35,14,118.015658,4.694637,284.533968,1.767758,0.019918,52.941157,44.383496,3.993078,1,1369487,7.171875,8901981,11723976,5.025197,3.815618,1.317008,0.008458793,0.066547416,0.998625278,0.977564275,1.000000000,pass,fail,stop_correctness_failed,stop_correctness_failed
resnet18,2,hot,524288,outlier_q6_q8,6,gpu_v3_experimental,8,42.661865,340.294000,122.189000,,7,94,38.250000,4.411865,185.546068,328.461340,514.007408,386.909902,380.007937,766.917839,2.085250,1.492037,0.658537,1.834014,,1.506029,35,14,119.052628,5.239313,284.043379,1.848934,0.019415,53.590832,43.663844,4.104660,1,1376589,7.171875,8909083,11771247,5.021191,3.800295,1.321264,0.006449129,0.092047729,0.996585250,0.971579611,1.000000000,pass,fail,stop_correctness_failed,stop_correctness_failed
resnet18,0,round0,1048576,8,8,gpu_v3_experimental,8,42.661865,340.294000,122.189000,134.602296,4,97,31.500000,11.161865,104.481462,89.848246,194.329709,313.485022,303.836022,617.321043,3.000389,3.176668,1.169480,3.256980,1.288289,0.876324,20,8,2.580857,6.047376,5.452204,0.943526,0.000866,87.675030,84.080872,6.249988,1,3192326,7.875000,11461842,11635857,3.902881,3.844513,1.015182,0.000211338,0.010265918,1.000000000,0.987824917,1.000000000,pass,pass,research_success,research_record
resnet18,1,hot,1048576,8,8,gpu_v3_experimental,8,42.661865,340.294000,122.189000,134.602296,4,97,31.500000,11.161865,124.994223,109.968683,234.962906,403.029788,407.150088,810.179876,3.224387,3.448118,0.977557,2.722478,1.076868,0.838526,20,8,2.528687,5.701484,6.353587,1.080884,0.014616,108.853800,103.079062,5.788821,1,3222932,7.875000,11492454,11723976,3.892485,3.815618,1.020146,0.008458793,0.018016459,1.000000000,0.994304478,1.000000000,pass,pass,stop_speed_failed,stop_speed_failed
resnet18,2,hot,1048576,8,8,gpu_v3_experimental,8,42.661865,340.294000,122.189000,134.602296,4,97,31.500000,11.161865,121.281646,105.123812,226.405459,386.909902,380.007937,766.917839,3.190177,3.387365,1.007481,2.805816,1.109832,0.855489,20,8,2.630118,4.634284,6.108598,1.088819,0.015307,106.137779,98.499398,5.743511,1,3230584,7.875000,11500106,11771247,3.889895,3.800295,1.023577,0.006449129,0.022993546,1.000000000,0.993194103,1.000000000,pass,pass,research_success,research_record
resnet18,0,round0,1048576,7,7,gpu_v3_experimental,8,42.661865,340.294000,122.189000,,4,97,31.500000,11.161865,205.415520,344.541597,549.957117,313.485022,303.836022,617.321043,1.526102,1.122489,0.594838,1.656613,,1.116320,20,8,102.764589,5.235048,256.806276,1.350419,0.000695,88.677402,87.291548,6.152050,1,3192326,6.890625,10429650,11635857,4.289138,3.844513,1.115652,0.000426029,0.020143196,1.000000000,0.975871861,1.000000000,pass,pass,stop_speed_failed,stop_speed_failed
resnet18,1,hot,1048576,7,7,gpu_v3_experimental,8,42.661865,340.294000,122.189000,,4,97,31.500000,11.161865,228.476427,359.913982,588.390408,403.029788,407.150088,810.179876,1.763988,1.376943,0.534799,1.489405,,1.059988,20,8,105.173813,5.323346,255.317680,1.559593,0.015673,108.951292,103.993546,6.204659,1,3222932,6.890625,10460262,11723976,4.276586,3.815618,1.120811,0.008458793,0.035991717,0.999925911,0.988547564,1.000000000,pass,fail,stop_correctness_failed,stop_correctness_failed
resnet18,2,hot,1048576,7,7,gpu_v3_experimental,8,42.661865,340.294000,122.189000,,4,97,31.500000,11.161865,220.720964,356.754088,577.475052,386.909902,380.007937,766.917839,1.752937,1.328054,0.553590,1.541738,,1.058977,20,8,102.269830,4.218969,255.642154,1.524376,0.015706,105.308013,100.500760,6.147365,1,3230584,6.890625,10467914,11771247,4.273460,3.800295,1.124507,0.006449129,0.046115063,0.999749422,0.986676931,1.000000000,pass,fail,stop_correctness_failed,stop_correctness_failed
resnet18,0,round0,1048576,6,6,gpu_v3_experimental,8,42.661865,340.294000,122.189000,,4,97,31.500000,11.161865,203.410438,320.650257,524.060695,313.485022,303.836022,617.321043,1.541145,1.177957,0.600702,1.672943,,1.097025,20,8,101.033639,4.462201,235.654749,1.315815,0.001533,89.224013,84.580812,6.159459,1,3192326,5.906250,9397458,11635857,4.760246,3.844513,1.238192,0.000865802,0.040656529,0.999374628,0.951530933,1.000000000,pass,fail,stop_correctness_failed,stop_correctness_failed
resnet18,1,hot,1048576,6,6,gpu_v3_experimental,8,42.661865,340.294000,122.189000,,4,97,31.500000,11.161865,225.065732,340.903452,565.969184,403.029788,407.150088,810.179876,1.790720,1.431491,0.542904,1.511976,,1.056896,20,8,101.238951,4.507571,236.182740,1.551303,0.016751,110.383191,104.132169,6.127677,1,3222932,5.906250,9428070,11723976,4.744790,3.815618,1.243518,0.008458793,0.072986744,0.998654366,0.975891352,1.000000000,pass,fail,stop_correctness_failed,stop_correctness_failed
resnet18,2,hot,1048576,6,6,gpu_v3_experimental,8,42.661865,340.294000,122.189000,,4,97,31.500000,11.161865,216.566537,338.691640,555.258176,386.909902,380.007937,766.917839,1.786564,1.381191,0.564210,1.571314,,1.041522,20,8,98.603609,4.639008,237.858541,1.541137,0.011971,104.516766,100.237217,6.028621,1,3230584,5.906250,9435722,11771247,4.740942,3.800295,1.247519,0.006449129,0.093581155,0.996491551,0.973369181,1.000000000,pass,fail,stop_correctness_failed,stop_correctness_failed
resnet18,0,round0,1048576,4,4,gpu_v3_experimental,8,42.661865,340.294000,122.189000,148.542776,4,97,31.500000,11.161865,110.772440,97.194422,207.966862,313.485022,303.836022,617.321043,2.829991,2.968363,1.103063,3.072010,1.340972,0.871888,20,8,11.810800,3.151550,12.734420,0.982765,0.000895,88.036253,84.136085,5.797046,1,3192326,3.937500,7333074,11635857,6.100335,3.844513,1.586764,0.003834258,0.179671898,0.984181702,0.791190863,1.000000000,pass,fail,stop_correctness_failed,stop_correctness_failed
resnet18,1,hot,1048576,4,4,gpu_v3_experimental,8,42.661865,340.294000,122.189000,148.542776,4,97,31.500000,11.161865,132.452250,184.462125,316.914375,403.029788,407.150088,810.179876,3.042831,2.556463,0.922514,2.569182,1.121482,0.848495,20,8,11.275513,3.132892,12.734492,1.160804,0.015123,109.998162,171.180050,5.842938,1,3222932,3.937500,7363686,11723976,6.074975,3.815618,1.592134,0.009607933,0.323074847,0.951798141,0.865529060,1.000000000,pass,fail,stop_correctness_failed,stop_correctness_failed
resnet18,2,hot,1048576,4,4,gpu_v3_experimental,8,42.661865,340.294000,122.189000,148.542776,4,97,31.500000,11.161865,127.869410,111.740008,239.609418,386.909902,380.007937,766.917839,3.025821,3.200700,0.955576,2.661262,1.161676,0.853414,20,8,11.863957,3.079372,12.880896,1.382383,0.013495,104.649203,98.331961,5.826400,1,3230584,3.937500,7371338,11771247,6.068669,3.800295,1.596894,0.014850896,0.414260834,0.924135327,0.874463916,1.000000000,pass,fail,stop_correctness_failed,stop_correctness_failed
resnet18,0,round0,1048576,adaptive_q6_q8,8,gpu_v3_experimental,8,42.661865,340.294000,122.189000,,4,97,31.500000,11.161865,102.869350,89.852518,192.721868,313.485022,303.836022,617.321043,3.047409,3.203171,1.187808,3.308021,,0.851801,20,8,2.558987,5.874291,5.731279,1.001193,0.001362,86.698543,83.802282,5.756673,1,3192326,7.875000,11461840,11635857,3.902882,3.844513,1.015182,0.000211338,0.010265918,1.000000000,0.987824917,1.000000000,pass,pass,research_success,research_record
resnet18,1,hot,1048576,adaptive_q6_q8,6,gpu_v3_experimental,8,42.661865,340.294000,122.189000,,4,97,31.500000,11.161865,223.700845,341.789603,565.490448,403.029788,407.150088,810.179876,1.801646,1.432703,0.546216,1.521201,,1.028459,20,8,98.978157,4.476665,237.192632,1.567225,0.015129,110.989070,103.994310,6.436957,1,3222932,5.906250,9428068,11723976,4.744791,3.815618,1.243518,0.008458793,0.061505675,0.998944283,0.980857849,1.000000000,pass,fail,stop_correctness_failed,stop_correctness_failed
resnet18,2,hot,1048576,adaptive_q6_q8,6,gpu_v3_experimental,8,42.661865,340.294000,122.189000,,4,97,31.500000,11.161865,217.625508,337.058352,554.683860,386.909902,380.007937,766.917839,1.777870,1.382622,0.561465,1.563668,,1.020832,20,8,100.180731,4.497464,236.870519,1.557056,0.015223,103.890007,99.599265,6.258600,1,3230584,5.906250,9435720,11771247,4.740943,3.800295,1.247520,0.006449129,0.084926538,0.997209370,0.975899756,1.000000000,pass,fail,stop_correctness_failed,stop_correctness_failed
resnet18,0,round0,1048576,outlier_q6_q8,8,gpu_v3_experimental,8,42.661865,340.294000,122.189000,,4,97,31.500000,11.161865,102.705622,89.958608,192.664230,313.485022,303.836022,617.321043,3.052267,3.204129,1.189701,3.313295,,0.853734,20,8,2.571287,5.857238,5.786938,0.989952,0.000900,86.496701,83.861086,5.802777,1,3192326,7.875000,11461839,11635857,3.902882,3.844513,1.015182,0.000211338,0.010265918,1.000000000,0.987824917,1.000000000,pass,pass,research_success,research_record
resnet18,1,hot,1048576,outlier_q6_q8,6,gpu_v3_experimental,8,42.661865,340.294000,122.189000,,4,97,31.500000,11.161865,222.547009,341.859092,564.406101,403.029788,407.150088,810.179876,1.810987,1.435456,0.549048,1.529088,,1.030849,20,8,98.206085,4.304351,236.781960,1.578189,0.016585,110.504805,104.470514,6.690479,1,3222932,5.906250,9428067,11723976,4.744791,3.815618,1.243519,0.008458793,0.061505675,0.998944283,0.980857849,1.000000000,pass,fail,stop_correctness_failed,stop_correctness_failed
resnet18,2,hot,1048576,outlier_q6_q8,6,gpu_v3_experimental,8,42.661865,340.294000,122.189000,,4,97,31.500000,11.161865,217.863819,336.975021,554.838840,386.909902,380.007937,766.917839,1.775925,1.382235,0.560850,1.561957,,0.998154,20,8,99.691373,4.757233,237.258579,1.520175,0.013910,104.770700,99.139272,5.903310,1,3230584,5.906250,9435719,11771247,4.740943,3.800295,1.247520,0.006449129,0.084926538,0.997209370,0.975899756,1.000000000,pass,fail,stop_correctness_failed,stop_correctness_failed
